Stock,Predicted
BBRY,9.196812337285172
BHP,30.534678515837005
DE,91.17025327184685
FE,34.18616769589949
GOOG,784.7196118194588
GS,201.08602358479496
JNJ,115.841887575565
KO,43.85397085271586
WMT,70.54051880079463
XOM,87.71025943054634
